<?xml version="1.0" encoding="UTF-8"?>
<!DOCTYPE log4j:configuration SYSTEM "log4j.dtd" >
<log4j:configuration>
	<appender name="file"  class="org.apache.log4j.DailyRollingFileAppender"> 
	<!--	class="org.apache.log4j.RollingFileAppender"> -->
	<!--	<param name="maxFileSize" value="100KB" /> -->
	<!--	<param name="maxBackupIndex" value="5" /> -->
		<param name="File" value="logs/pdic-log-info.log" />
		<param name="Append" value="false"/>
		<param name="DatePattern" value="'.'yyyy-MM-dd"/>
		<param name="threshold" value="info" />
		<param name="threshold" value="debug" />
		<layout class="org.apache.log4j.PatternLayout">
			<param name="ConversionPattern" value="%d %-5p [%c] %m%n" />
		</layout>
	</appender>
	<appender name="debugfile"
		class="org.apache.log4j.RollingFileAppender">
		<param name="maxFileSize" value="100KB" />
		<param name="maxBackupIndex" value="5" />
		 <param name="File" value="logs/debug.log" /> 
		<layout class="org.apache.log4j.PatternLayout">
			<param name="ConversionPattern" value="%d %-5p [%c] %m%n" />
		</layout>
		<filter class="org.apache.log4j.varia.LevelRangeFilter">
			<param name="LevelMin" value="debug" />
			<param name="LevelMax" value="debug" />
		</filter>
	</appender>

<!-- ============================== -->
   <!-- Append messages to the console -->
   <!-- ============================== -->

   <appender name="CONSOLE" class="org.apache.log4j.ConsoleAppender">
     <!--  <errorHandler class="org.jboss.logging.util.OnlyOnceErrorHandler"/> -->
      <param name="Target" value="System.out"/>
      <param name="Threshold" value="INFO"/>
       <param name="Threshold" value="DEBUG"/> 
      <layout class="org.apache.log4j.PatternLayout">
         <!-- The default pattern: Date Priority [Category] Message\n -->
         <param name="ConversionPattern" value="%d{ABSOLUTE} %-5p [%c{1}] %m%n"/>
      </layout>
   </appender>
   
	<root>
		<priority value="debug"></priority>
		<!-- <appender-ref ref="debugfile" /> -->
		<appender-ref ref="file" />
		<appender-ref ref="CONSOLE"/>
	</root>
</log4j:configuration>